Index,User Id,First Name,Last Name,Sex,Email,Phone,Date of birth,Job Title
1,db484997Aa2e723,Marcia,Morrison,Female,yvonnemcknight@example.net,892.956.5029x7469,1963-06-30,Set designer
2,B117e5DCACf270A,Ashley,Yang,Male,jenningsdevon@example.com,4099852413,1922-08-04,Location manager
3,32cbC09A5bcDb1b,Tracie,Hutchinson,Female,drodriguez@example.net,493-888-0693,1931-08-12,Retail buyer
4,06Eea7aF9760fD0,Jeffrey,Moody,Male,nburnett@example.org,001-654-763-5970x3318,1972-10-31,"Engineer, biomedical"
5,CE52aEd4F9AE60C,Bill,Dyer,Male,destinyday@example.net,024-165-5814x001,2017-05-29,"Designer, blown glass/stained glass"
6,85DFDDA6cFB55DA,Marcus,Boyle,Female,alyssaclark@example.net,316-489-4197x0030,1951-02-05,Economist
7,0D5FdF0e0A186a5,Ian,Stanton,Female,joyceheather@example.org,(534)619-7707x5144,1939-11-05,Site engineer
8,1cAE7Cd0dD678FB,Thomas,Snyder,Male,karina06@example.org,(362)917-2049x2068,1945-01-15,Recruitment consultant
9,F5fc42B9cB66dE9,Stephen,Novak,Female,wileyricky@example.org,679-999-9198,2020-01-23,Chartered accountant
10,83a20cfcC2AA89f,Jeffery,Reeves,Male,leachjustin@example.org,001-616-411-1059x058,1913-09-09,Forest/woodland manager
11,B87bAc76beD4Ac5,Jaclyn,Fuentes,Female,baileyreginald@example.com,+1-018-674-2928x1637,1941-01-23,Data scientist
12,ce8bf0F2A5C2DFd,Lorraine,Gonzales,Male,serranorussell@example.net,(571)104-1140x771,1966-04-29,"Investment banker, operational"
13,3dfcE3c63b1Afe6,Eric,Hudson,Male,lee00@example.com,090-845-9346,2013-08-28,"Engineer, energy"
14,cd6088F8A7B0b7B,Jody,Mccormick,Male,jocelynriggs@example.com,826-336-3167x3623,2012-02-01,Leisure centre manager
15,20E48f494B2aF15,Michelle,Forbes,Female,joannamanning@example.com,001-948-535-0459,1972-12-12,Newspaper journalist
16,B461D3EdC79abEa,Logan,Christensen,Female,rojaseduardo@example.net,414-569-1705x3292,1974-10-18,Information systems manager
17,E7b9720D54Fb0a2,Rodney,Castillo,Female,christie19@example.net,001-681-736-0594,1935-03-21,"Designer, industrial/product"
18,a9F2EDcB430Ab04,Ana,Kaiser,Female,clarkcourtney@example.com,207-784-6758,2010-08-02,Audiological scientist
19,456CcfCf7afAFb8,Shelley,Molina,Male,brandtfrank@example.org,001-375-623-0066x4289,2000-10-13,"Surveyor, minerals"
20,EB3088D71B914A4,Dylan,Frey,Male,pruittchristie@example.net,(415)610-4536,1984-08-08,Chiropractor
21,5bD9a395c4aFEc6,Anthony,Lozano,Male,nbrewer@example.org,(334)583-4177x99054,1953-10-21,Control and instrumentation engineer
22,ce8bb83e36dD79B,Tracey,Silva,Male,fbooker@example.org,+1-313-184-8050x772,1941-12-25,Chief of Staff
23,Fc53aDfC506B4aF,Glenn,Callahan,Male,dustin59@example.org,560.605.8563x67527,1976-02-26,"Scientist, research (physical sciences)"
24,82ebccF3750fbD1,Leah,Phelps,Male,lhendrix@example.org,175.142.8652x7627,1907-05-28,Insurance broker
25,dFb80E9A16EC313,Katelyn,Case,Male,mackolivia@example.com,930-337-5836,2016-05-24,Public librarian
26,68d60cAe7adBa43,Aaron,Clay,Male,wigginssavannah@example.org,8801702028,1984-05-24,Economist
27,7b9C1Dc6Be26AFA,Troy,Schmidt,Female,theresa11@example.com,6175063624,1988-07-09,"Psychologist, forensic"
28,D8E2CF289aaB490,Tracey,Moon,Male,milesterrance@example.org,(615)397-4391x9281,1957-12-18,Counselling psychologist
29,dEdBBE4aA5bEfbb,Karina,Chung,Male,mitchell29@example.net,+1-552-940-0782x9934,1982-02-26,"Teacher, special educational needs"
30,AaEc31E965AeF61,Laura,Acevedo,Male,underwooddawn@example.com,234-258-5572x92441,1991-03-14,Economist
31,F4B376E7efc0914,Franklin,Sexton,Female,carl89@example.net,001-637-023-1874x270,2018-02-24,Dance movement psychotherapist
32,Daef6F3EfAdC2B4,Phillip,Clayton,Female,marcus01@example.net,436.296.7655x120,1927-10-05,Press photographer
33,f6BA4adB3F481ca,Emily,Torres,Female,cliffordhorton@example.org,933.630.2056,1934-03-29,Occupational psychologist
34,e9BBb4C36f9F460,Ronnie,Brooks,Female,hsellers@example.com,+1-607-516-3221x1419,1950-04-11,"Engineer, civil (contracting)"
35,1BAedbcC54F4cEF,Frederick,Acosta,Male,wrightcory@example.com,324.792.6715,1978-07-09,Osteopath
36,cA0e927F2D51D4A,Russell,Irwin,Male,jillianadkins@example.net,8779024071,2007-11-27,"Designer, industrial/product"
37,E6c1B486fC21EaF,Stanley,Fisher,Female,prowe@example.com,5626044988,1935-01-04,Advice worker
38,022aF847e9df0E2,Marisa,Pollard,Female,gilbert59@example.net,(271)296-1105,1969-01-30,"Nurse, adult"
39,a32025d4E962F1F,Grace,Mata,Male,margaretandrade@example.org,6077842736,1999-06-21,"Merchandiser, retail"
40,dbfe22320aa0335,Crystal,Ortiz,Male,krystalalexander@example.com,001-893-826-8069,2004-01-31,Chemical engineer
41,83ba0E31a1Ba2ae,Jane,Valenzuela,Female,kbarton@example.com,+1-282-855-6822x027,1961-05-01,"Conservator, furniture"
42,e2C1201D2eeD7A9,Grace,Lucas,Male,dwallace@example.com,6457010154,1985-09-04,"Radiographer, diagnostic"
43,aDfF4eD8cBEEAbE,Melvin,Richard,Female,kaylaanderson@example.org,+1-289-229-6368,1958-07-28,Veterinary surgeon
44,0F7d6bbbb7bdF77,Shaun,Cline,Female,wbender@example.org,001-132-258-9326x81415,2019-06-06,Database administrator
45,A513a00147d6Dec,Claire,Burton,Male,warren42@example.com,+1-054-473-4770,1977-01-23,Computer games developer
46,4bEECe821CcEdaC,Scott,Simmons,Female,znixon@example.org,+1-858-949-1458x818,1979-08-07,"Therapist, drama"
47,73b09Cf29bA88F9,Trevor,Reid,Female,nshepherd@example.net,(573)265-2472x613,1937-01-09,Civil Service administrator
48,be71C3540152919,Mia,Hays,Female,esparzaanthony@example.com,576.320.2230,2017-12-01,Exercise physiologist
49,4E16EEDe9a2e87d,Kathleen,Santiago,Male,dariusmorrow@example.com,(676)680-0055x58385,1920-09-16,Probation officer
50,8C1Fcc44F93e6b5,Patty,Liu,Female,ugeorge@example.net,001-418-115-0946x790,1995-10-26,"Pharmacist, hospital"
51,90dD1bec3DcFb6a,Sherry,Oneal,Female,beanmaria@example.com,777-520-5402x27340,1974-04-06,Communications engineer
52,e2C41F7CDCBaA99,Mario,Walker,Male,darlene26@example.com,001-896-677-7076x50559,2013-02-02,Prison officer
53,52B4e8EB9A1baB2,Kenneth,Griffin,Male,jeanhowe@example.net,508.747.6364x3528,1936-08-23,"Designer, industrial/product"
54,1B5fdddBCc9635c,Valerie,Romero,Male,eferguson@example.org,001-061-037-3563x02340,1996-08-31,"Research officer, political party"
55,8bB6facE9cDdDcd,Stuart,Shields,Female,samanthablankenship@example.com,076-051-7831,1939-09-01,Air traffic controller
56,c4dcB6eeeF73Ab5,Karen,Hobbs,Male,daltonvalerie@example.net,001-329-425-7152x086,1986-08-28,Further education lecturer
57,C4a75cc03ED2b31,Roy,Ellis,Male,kanedarlene@example.net,001-840-070-9088x168,2021-04-07,Data scientist
58,ffD4dBCA7F6FBBf,Carmen,Mcclure,Male,leon25@example.org,(718)457-9218,1982-09-05,Maintenance engineer
59,8a1f6C4bb574a36,Trevor,George,Male,logan05@example.net,+1-681-923-0842x662,1947-04-12,Nature conservation officer
60,5Cb9ede1cb0Bb0E,Stephen,Lawrence,Female,parkermerritt@example.org,389-339-4000x0813,2016-03-04,Hydrographic surveyor
61,8a216ebA28C42e9,Gabriella,Sherman,Female,bfrench@example.com,+1-865-845-4511x661,1922-05-03,Sports coach
62,fD8A8da83bE1ce8,Richard,May,Male,tdavid@example.net,+1-092-184-3915x2023,1982-07-18,Tax adviser
63,d06EF98FbAf5cdB,Brandy,Watkins,Female,bradleyisabella@example.com,599.684.6199,2005-10-06,"Scientist, biomedical"
64,61D857945D8C141,Lucas,Rowe,Female,barnettalice@example.net,001-519-247-0463,1984-10-26,"Administrator, education"
65,898D63dBCc1e2fa,Dillon,Maldonado,Female,brookswayne@example.net,(974)478-0706x471,1950-01-15,"Lecturer, further education"
66,C664f8Dbd42Fd5C,Natalie,Fields,Male,eduardo95@example.org,553.391.9348x29114,1941-02-06,"Psychologist, clinical"
67,115F27F04d6f0bB,Bobby,Wang,Female,sylvia39@example.org,937-927-0862x195,2003-04-24,Chief Technology Officer
68,dDBd22DCe54dAFC,Drew,Barry,Female,daykari@example.net,511-312-0075,1961-05-11,English as a foreign language teacher
69,0d2ECEaa1b4B0DE,Alexandria,Buchanan,Female,brittney77@example.org,001-331-239-9524,1962-03-17,"Designer, furniture"
70,8Dd4D35F9beefD4,Lindsay,Calderon,Female,mcculloughstefanie@example.com,(366)676-4794x1976,1967-02-05,Economist
71,BfA3BAC59E5c221,Joel,Watkins,Female,travis92@example.net,765.678.6600,1955-01-14,Haematologist
72,C8b8CAD0E5AAf2A,Sara,Roberts,Female,qalvarez@example.org,(226)332-2770,1999-03-15,"Doctor, general practice"
73,fDaaCddda9deeC5,April,Simon,Male,stacey92@example.com,782.682.0246,2005-10-22,"Therapist, drama"
74,f3f8DfFD5EAD3A8,Kristin,Oliver,Male,mckinneymarc@example.com,488-571-4352,1955-06-15,Midwife
75,13CAB908fF3e014,Nathaniel,Burgess,Male,terrancedaniels@example.org,001-623-683-0601x52224,1944-11-16,Public affairs consultant
76,d32bc47EC6F1fB1,Patricia,Monroe,Female,pmanning@example.net,969.175.0251x80745,1936-10-08,Amenity horticulturist
77,f03DB710bbF757D,Barbara,Pitts,Male,grocha@example.org,(114)293-4187x9650,1943-05-22,Meteorologist
78,Aa6B874E3a0e9Af,Carl,Knight,Male,pbowers@example.org,(782)180-8152,1931-09-05,Community pharmacist
79,ba3c9cdF1A7ae8F,Alexandra,Perez,Female,chickman@example.net,078.438.2389x50403,1999-06-28,"Administrator, Civil Service"
80,FCfFAAEAcD9ad54,Renee,Lara,Male,hcarney@example.com,8044972584,1988-04-11,Private music teacher
81,FfebA9C805DCd2B,Brandon,Terry,Male,wsavage@example.org,848.535.4033x12080,1924-09-28,Mechanical engineer
82,A2B6CAD17f4f42d,Roberto,Serrano,Female,karaskinner@example.org,451-980-0706,1947-05-08,Community development worker
83,E0f7Ecd5fB5cB25,Clifford,Hawkins,Male,daleadkins@example.net,456.126.6923x7980,1961-05-25,Electrical engineer
84,ef6ef5b02A03acd,Allison,Arias,Female,destinyriley@example.com,792-357-5695x23935,1966-02-23,"Teacher, primary school"
85,e8af6f5b6c5f1aE,Misty,Webster,Female,lindacarroll@example.com,+1-540-900-1985,1943-07-16,"Secretary, company"
86,7FfB99DE80A9aDF,Maria,Erickson,Female,ggolden@example.net,979.880.9745x846,1972-08-05,Secondary school teacher
87,3fdabDBBfFC627f,Kaitlyn,Delgado,Male,brady46@example.org,+1-285-491-9026x007,1958-07-10,Hydrographic surveyor
88,12e04d8BB19bA36,Mackenzie,Murray,Male,abigail24@example.com,5726454315,1924-03-24,"Production designer, theatre/television/film"
89,8Cc676b48c67FFD,Brooke,Landry,Female,joanna01@example.net,(947)057-9230x33353,2016-01-21,Chief Technology Officer
90,3cBF326203FfdC9,Kayla,Keith,Female,gambleyvette@example.com,982.027.2244x791,2014-07-04,Intelligence analyst
91,1CcdEbA8F931E11,Edwin,Escobar,Female,kurt84@example.org,001-143-294-4278,1923-10-05,Public house manager
92,a0Ad37Ccb87C4a2,Ellen,Williams,Male,vvelasquez@example.net,(180)644-8957,1957-11-29,Energy manager
93,Ec1e12EbD1279bB,Whitney,Stout,Male,kiddnorma@example.org,001-323-277-8351,1940-02-19,Geoscientist
94,DF1BE8D35406cef,Melody,Brady,Female,popebill@example.org,(399)861-0362,1907-04-16,Advertising account executive
95,b8Ea6c74adFd4df,Dana,Moses,Male,lbrock@example.com,197-298-6190x520,1997-03-10,Management consultant
96,Caea38BFF91aB07,Bonnie,Flores,Female,derrick05@example.net,276-380-9287,1934-09-19,"Physicist, medical"
97,AaDCA1a17b6cB6a,Sergio,Villarreal,Female,castanedaclaire@example.net,270-885-1030x9818,1928-03-08,Senior tax professional/tax inspector
98,CCFDC8E95BA32F4,Alyssa,Shelton,Female,lunatom@example.org,347.056.5345x31375,2010-03-18,Academic librarian
99,41be6adCCD005Fe,Gerald,Gould,Male,nichole33@example.net,+1-545-255-8477x27780,1936-05-13,Applications developer
100,7ACAcae33a8ddbd,Harold,Booker,Female,gregmaxwell@example.com,013.742.6959,1932-10-20,"Teacher, music"